mapIn,run start,call onboarding getBusinessProfile start,call onboarding getBusinessProfile end,call ledger retrieveOrgBySubunitId start,call ledger retrieveOrgBySubunitId end,call ledger retrieveSubunitLimits start,call ledger retrieveSubunitLimits end,run end,mapOut
1536570586019,1536570586033,1536570586040,1536570586118,1536570586121,1536570586686,1536570586693,1536570586768,1536570587393,1536570587393
1536570588382,1536570588394,1536570588401,1536570588451,1536570588453,1536570588474,1536570588477,1536570588497,1536570588726,1536570588726
1536570589162,1536570589177,1536570589180,1536570589226,1536570589229,1536570589248,1536570589250,1536570589286,1536570589487,1536570589487
1536570589910,1536570589925,1536570589928,1536570589980,1536570589984,1536570590007,1536570590009,1536570590037,1536570590260,1536570590260
1536570590837,1536570590848,1536570590857,1536570590912,1536570590913,1536570590932,1536570590933,1536570590960,1536570591177,1536570591178
1536570591670,1536570591677,1536570591685,1536570591746,1536570591748,1536570591766,1536570591768,1536570591797,1536570592004,1536570592005
1536570592403,1536570592414,1536570592421,1536570592484,1536570592486,1536570592507,1536570592509,1536570592532,1536570592736,1536570592737
1536570593202,1536570593212,1536570593215,1536570593265,1536570593267,1536570593287,1536570593288,1536570593312,1536570593521,1536570593522
1536570593996,1536570594002,1536570594009,1536570594084,1536570594086,1536570594102,1536570594104,1536570594126,1536570594319,1536570594320
1536570594888,1536570594894,1536570594901,1536570594966,1536570594968,1536570594988,1536570594990,1536570595017,1536570595224,1536570595225
1536570595612,1536570595622,1536570595625,1536570595680,1536570595682,1536570595701,1536570595703,1536570595721,1536570595929,1536570595929
1536570596645,1536570596655,1536570596658,1536570596713,1536570596715,1536570596737,1536570596738,1536570596761,1536570596963,1536570596968
1536570597342,1536570597352,1536570597358,1536570597660,1536570597662,1536570597680,1536570597682,1536570597707,1536570597914,1536570597915
1536570598266,1536570598275,1536570598282,1536570598348,1536570598354,1536570598378,1536570598381,1536570598416,1536570598613,1536570598613
1536570598959,1536570598974,1536570598978,1536570599043,1536570599045,1536570599089,1536570599095,1536570599120,1536570599315,1536570599316
1536570599704,1536570599709,1536570599712,1536570599755,1536570599756,1536570599774,1536570599776,1536570599794,1536570599993,1536570599993
1536570600429,1536570600439,1536570600443,1536570600487,1536570600489,1536570600509,1536570600511,1536570600532,1536570600741,1536570600742
1536570601042,1536570601049,1536570601058,1536570601111,1536570601113,1536570601140,1536570601142,1536570601164,1536570601365,1536570601365
1536570601759,1536570601769,1536570601776,1536570601828,1536570601829,1536570601850,1536570601851,1536570601877,1536570602088,1536570602089
1536570602624,1536570602634,1536570602637,1536570602684,1536570602686,1536570602708,1536570602709,1536570602733,1536570602927,1536570602927
1536570603473,1536570603483,1536570603486,1536570603566,1536570603567,1536570603588,1536570603590,1536570603611,1536570603832,1536570603832
1536570604211,1536570604221,1536570604223,1536570604275,1536570604277,1536570604294,1536570604296,1536570604315,1536570604520,1536570604520
1536570604991,1536570605000,1536570605007,1536570605067,1536570605069,1536570605089,1536570605091,1536570605118,1536570605346,1536570605346
1536570605725,1536570605734,1536570605737,1536570605781,1536570605783,1536570605804,1536570605806,1536570605832,1536570606041,1536570606041
1536570606621,1536570606631,1536570606633,1536570606685,1536570606686,1536570606700,1536570606701,1536570606721,1536570606926,1536570606926
1536570607983,1536570607992,1536570607999,1536570608056,1536570608058,1536570608072,1536570608074,1536570608137,1536570608346,1536570608350
1536570608775,1536570608785,1536570608788,1536570608853,1536570608855,1536570608873,1536570608874,1536570608897,1536570609104,1536570609104
1536570610717,1536570610722,1536570610729,1536570610781,1536570610782,1536570610802,1536570610804,1536570610829,1536570611024,1536570611025
1536570611533,1536570611542,1536570611549,1536570611598,1536570611600,1536570611621,1536570611623,1536570611648,1536570611848,1536570611848
1536570612257,1536570612262,1536570612269,1536570612315,1536570612317,1536570612333,1536570612334,1536570612362,1536570612571,1536570612571
1536570612894,1536570612903,1536570612906,1536570612951,1536570612953,1536570612975,1536570612979,1536570613012,1536570613241,1536570613241
1536570613618,1536570613640,1536570613649,1536570613726,1536570613728,1536570613756,1536570613758,1536570613786,1536570614004,1536570614005
1536570614596,1536570614601,1536570614607,1536570614654,1536570614656,1536570614675,1536570614677,1536570614699,1536570614895,1536570614895
1536570615212,1536570615221,1536570615223,1536570615278,1536570615280,1536570615303,1536570615305,1536570615331,1536570615523,1536570615523
1536570615889,1536570615898,1536570615906,1536570615958,1536570615960,1536570615979,1536570615981,1536570616000,1536570616202,1536570616202
1536570616662,1536570616671,1536570616677,1536570616735,1536570616738,1536570616760,1536570616762,1536570616781,1536570616990,1536570616990
1536570617354,1536570617363,1536570617365,1536570618062,1536570618064,1536570618087,1536570618088,1536570618112,1536570618303,1536570618303
1536570618602,1536570618608,1536570618611,1536570618671,1536570618673,1536570618692,1536570618693,1536570618714,1536570618927,1536570618927
1536570619513,1536570619522,1536570619524,1536570619578,1536570619579,1536570619603,1536570619604,1536570619633,1536570619831,1536570619831
1536570620265,1536570620270,1536570620277,1536570620327,1536570620328,1536570620344,1536570620345,1536570620369,1536570620566,1536570620566
1536570621180,1536570621189,1536570621192,1536570621242,1536570621243,1536570621260,1536570621262,1536570621281,1536570621489,1536570621489
1536570621926,1536570621937,1536570621939,1536570621996,1536570621998,1536570622013,1536570622014,1536570622041,1536570622271,1536570622271
1536570624278,1536570624282,1536570624285,1536570624344,1536570624345,1536570624371,1536570624373,1536570624396,1536570624599,1536570624599
1536570625331,1536570625342,1536570625344,1536570625394,1536570625396,1536570625417,1536570625418,1536570625442,1536570625687,1536570625688
1536570626804,1536570626809,1536570626815,1536570626862,1536570626863,1536570626884,1536570626886,1536570626909,1536570627099,1536570627100
1536570627799,1536570627808,1536570627810,1536570627873,1536570627874,1536570627888,1536570627889,1536570627947,1536570628164,1536570628164
1536570628683,1536570628691,1536570628694,1536570628743,1536570628745,1536570628765,1536570628766,1536570628789,1536570628995,1536570628996
1536570629317,1536570629322,1536570629328,1536570629381,1536570629383,1536570629396,1536570629397,1536570629420,1536570629615,1536570629615
1536570629998,1536570630007,1536570630009,1536570630081,1536570630083,1536570630100,1536570630101,1536570630124,1536570630341,1536570630341
1536570630619,1536570630628,1536570630630,1536570630676,1536570630678,1536570630697,1536570630698,1536570630720,1536570630934,1536570630934
1536570631431,1536570631440,1536570631442,1536570631491,1536570631493,1536570631518,1536570631521,1536570631577,1536570631789,1536570631789
1536570632073,1536570632079,1536570632085,1536570632132,1536570632138,1536570632160,1536570632162,1536570632183,1536570632451,1536570632451
1536570632712,1536570632733,1536570632735,1536570632784,1536570632785,1536570632805,1536570632808,1536570632834,1536570633022,1536570633022
1536570633500,1536570633507,1536570633509,1536570633566,1536570633568,1536570633585,1536570633586,1536570633611,1536570633818,1536570633818
1536570634358,1536570634367,1536570634373,1536570634426,1536570634427,1536570634446,1536570634447,1536570634469,1536570634662,1536570634663
1536570634901,1536570634909,1536570634912,1536570634962,1536570634964,1536570634981,1536570634983,1536570635003,1536570635207,1536570635207
1536570635640,1536570635645,1536570635651,1536570635698,1536570635700,1536570635717,1536570635718,1536570635743,1536570635946,1536570635946
1536570636411,1536570636416,1536570636422,1536570636476,1536570636478,1536570636496,1536570636497,1536570636517,1536570636707,1536570636707
1536570637347,1536570637352,1536570637358,1536570637435,1536570637436,1536570637467,1536570637468,1536570637493,1536570637692,1536570637693
1536570638301,1536570638305,1536570638307,1536570638370,1536570638371,1536570638391,1536570638393,1536570638412,1536570638630,1536570638631
1536570639032,1536570639041,1536570639047,1536570639100,1536570639101,1536570639116,1536570639118,1536570639144,1536570639397,1536570639397
1536570639777,1536570639782,1536570639792,1536570639848,1536570639849,1536570639866,1536570639867,1536570639890,1536570640094,1536570640094
1536570641492,1536570641501,1536570641507,1536570641579,1536570641580,1536570641600,1536570641605,1536570641623,1536570641817,1536570641817
1536570642080,1536570642084,1536570642090,1536570642156,1536570642158,1536570642177,1536570642179,1536570642211,1536570642448,1536570642449
1536570642695,1536570642704,1536570642710,1536570642764,1536570642765,1536570642788,1536570642789,1536570642817,1536570643005,1536570643005
1536570643392,1536570643396,1536570643403,1536570643450,1536570643452,1536570643473,1536570643474,1536570643505,1536570643711,1536570643712
1536570644123,1536570644128,1536570644130,1536570644174,1536570644175,1536570644191,1536570644192,1536570644216,1536570644413,1536570644418
1536570644780,1536570644788,1536570644790,1536570644838,1536570644840,1536570644861,1536570644863,1536570644883,1536570645084,1536570645084
1536570645400,1536570645405,1536570645410,1536570645454,1536570645456,1536570645469,1536570645470,1536570645492,1536570645693,1536570645693
1536570646268,1536570646276,1536570646278,1536570646332,1536570646334,1536570646355,1536570646356,1536570646381,1536570646570,1536570646570
1536570646896,1536570646904,1536570646907,1536570646963,1536570646964,1536570646978,1536570646980,1536570647001,1536570647193,1536570647194
1536570648063,1536570648067,1536570648070,1536570648134,1536570648135,1536570648157,1536570648159,1536570648180,1536570648381,1536570648382
1536570648578,1536570648582,1536570648588,1536570648639,1536570648640,1536570648655,1536570648657,1536570648676,1536570648875,1536570648875
1536570649260,1536570649268,1536570649270,1536570649337,1536570649338,1536570649362,1536570649364,1536570649389,1536570649584,1536570649584
1536570649789,1536570649793,1536570649796,1536570649868,1536570649869,1536570649892,1536570649894,1536570649921,1536570650175,1536570650176
1536570650562,1536570650567,1536570650569,1536570650621,1536570650623,1536570650649,1536570650650,1536570650689,1536570650912,1536570650912
1536570651104,1536570651112,1536570651115,1536570651160,1536570651161,1536570651187,1536570651188,1536570651208,1536570651398,1536570651398
1536570651859,1536570651868,1536570651870,1536570651937,1536570651939,1536570651959,1536570651960,1536570651983,1536570652179,1536570652180
1536570652699,1536570652707,1536570652709,1536570652757,1536570652759,1536570652779,1536570652780,1536570652805,1536570653005,1536570653005
1536570653199,1536570653207,1536570653209,1536570653261,1536570653263,1536570653283,1536570653285,1536570653304,1536570653517,1536570653517
1536570653950,1536570653954,1536570653960,1536570654008,1536570654009,1536570654033,1536570654034,1536570654065,1536570654256,1536570654256
1536570655066,1536570655074,1536570655080,1536570655127,1536570655128,1536570655153,1536570655154,1536570655174,1536570655366,1536570655366
1536570655757,1536570655762,1536570655768,1536570655820,1536570655821,1536570655851,1536570655853,1536570655873,1536570656083,1536570656084
1536570656474,1536570656479,1536570656481,1536570656530,1536570656532,1536570656557,1536570656559,1536570656585,1536570656776,1536570656777
1536570657290,1536570657294,1536570657300,1536570657353,1536570657355,1536570657379,1536570657381,1536570657412,1536570657600,1536570657600
1536570657921,1536570657926,1536570657928,1536570657987,1536570657988,1536570658005,1536570658006,1536570658030,1536570658225,1536570658225
1536570658460,1536570658468,1536570658470,1536570658520,1536570658522,1536570658539,1536570658540,1536570658569,1536570658755,1536570658756
1536570658976,1536570658985,1536570658987,1536570659046,1536570659047,1536570659069,1536570659070,1536570659090,1536570659287,1536570659287
1536570659727,1536570659736,1536570659738,1536570659791,1536570659792,1536570659812,1536570659813,1536570659837,1536570660022,1536570660023
1536570660439,1536570660448,1536570660469,1536570660513,1536570660515,1536570660547,1536570660548,1536570660569,1536570660788,1536570660789
1536570661077,1536570661085,1536570661087,1536570661182,1536570661183,1536570661208,1536570661209,1536570661240,1536570661429,1536570661430
1536570661895,1536570661904,1536570661905,1536570661949,1536570661951,1536570661971,1536570661972,1536570661995,1536570662194,1536570662195
1536570662731,1536570662740,1536570662742,1536570662784,1536570662786,1536570662807,1536570662808,1536570662847,1536570663038,1536570663039
1536570663435,1536570663444,1536570663448,1536570663500,1536570663501,1536570663514,1536570663515,1536570663536,1536570663725,1536570663725
1536570663893,1536570663897,1536570663903,1536570663958,1536570663959,1536570663980,1536570663982,1536570664005,1536570664197,1536570664197
1536570664360,1536570664368,1536570664370,1536570664428,1536570664430,1536570664449,1536570664450,1536570664469,1536570664686,1536570664686
1536570665666,1536570665670,1536570665676,1536570665726,1536570665727,1536570665742,1536570665743,1536570665768,1536570665973,1536570665973
1536570666167,1536570666175,1536570666177,1536570666242,1536570666243,1536570666263,1536570666264,1536570666304,1536570666506,1536570666507
1536570666670,1536570666678,1536570666680,1536570666735,1536570666736,1536570666753,1536570666755,1536570666771,1536570666975,1536570666975
1536570667364,1536570667372,1536570667374,1536570667442,1536570667443,1536570667459,1536570667460,1536570667482,1536570667707,1536570667708
1536570667936,1536570667944,1536570667946,1536570668000,1536570668002,1536570668022,1536570668024,1536570668046,1536570668242,1536570668242
1536570668411,1536570668415,1536570668417,1536570668474,1536570668475,1536570668493,1536570668494,1536570668522,1536570668734,1536570668734
1536570668897,1536570668905,1536570668907,1536570668960,1536570668961,1536570668980,1536570668981,1536570669025,1536570669227,1536570669227
1536570669835,1536570669844,1536570669846,1536570669902,1536570669904,1536570669924,1536570669925,1536570669950,1536570670150,1536570670150
1536570671534,1536570671538,1536570671544,1536570671598,1536570671600,1536570671622,1536570671625,1536570671648,1536570671868,1536570671868
1536570672335,1536570672340,1536570672345,1536570672460,1536570672461,1536570672477,1536570672478,1536570672504,1536570672714,1536570672714
1536570672878,1536570672886,1536570672888,1536570672956,1536570672957,1536570672982,1536570672984,1536570673003,1536570673194,1536570673195
1536570673339,1536570673343,1536570673348,1536570673406,1536570673407,1536570673440,1536570673442,1536570673474,1536570673663,1536570673668
1536570673814,1536570673818,1536570673824,1536570673878,1536570673880,1536570673897,1536570673898,1536570673923,1536570674151,1536570674152
1536570674623,1536570674627,1536570674629,1536570674680,1536570674681,1536570674698,1536570674699,1536570674724,1536570674924,1536570674924
1536570675472,1536570675480,1536570675482,1536570675533,1536570675534,1536570675553,1536570675554,1536570675577,1536570675773,1536570675773
1536570676299,1536570676307,1536570676309,1536570676353,1536570676354,1536570676376,1536570676378,1536570676400,1536570676586,1536570676586
1536570677123,1536570677131,1536570677137,1536570677207,1536570677209,1536570677228,1536570677229,1536570677254,1536570677445,1536570677446
1536570677581,1536570677589,1536570677592,1536570677636,1536570677638,1536570677656,1536570677658,1536570677683,1536570677883,1536570677883
1536570678194,1536570678202,1536570678204,1536570678282,1536570678284,1536570678299,1536570678301,1536570678320,1536570678506,1536570678507
1536570678807,1536570678815,1536570678817,1536570678889,1536570678891,1536570678910,1536570678911,1536570678939,1536570679165,1536570679165
1536570679402,1536570679406,1536570679408,1536570679456,1536570679457,1536570679475,1536570679476,1536570679500,1536570679693,1536570679693
1536570680017,1536570680022,1536570680028,1536570680163,1536570680165,1536570680186,1536570680187,1536570680216,1536570680414,1536570680414
1536570680842,1536570680851,1536570680853,1536570680902,1536570680903,1536570680932,1536570680933,1536570680957,1536570681169,1536570681169
1536570681362,1536570681370,1536570681372,1536570681417,1536570681418,1536570681439,1536570681440,1536570681468,1536570681665,1536570681665
1536570682050,1536570682058,1536570682062,1536570682122,1536570682124,1536570682144,1536570682145,1536570682164,1536570682352,1536570682353
1536570682750,1536570682754,1536570682756,1536570682801,1536570682803,1536570682821,1536570682823,1536570682845,1536570683042,1536570683043
1536570683416,1536570683420,1536570683422,1536570683465,1536570683466,1536570683483,1536570683484,1536570683505,1536570683698,1536570683699
1536570683971,1536570683975,1536570683977,1536570684051,1536570684052,1536570684075,1536570684076,1536570684097,1536570684340,1536570684340
1536570684621,1536570684629,1536570684631,1536570684696,1536570684698,1536570684713,1536570684715,1536570684736,1536570684932,1536570684932
1536570690164,1536570690172,1536570690174,1536570690438,1536570690440,1536570690461,1536570690462,1536570690484,1536570690683,1536570690684
1536570691138,1536570691146,1536570691155,1536570691201,1536570691202,1536570691221,1536570691223,1536570691259,1536570691463,1536570691464
1536570692582,1536570692586,1536570692595,1536570692652,1536570692654,1536570692678,1536570692679,1536570692707,1536570692936,1536570692937
1536570693430,1536570693438,1536570693440,1536570693502,1536570693503,1536570693516,1536570693518,1536570693541,1536570693732,1536570693732
1536570694447,1536570694455,1536570694457,1536570694515,1536570694516,1536570694538,1536570694539,1536570694559,1536570694747,1536570694748
1536570695305,1536570695309,1536570695316,1536570695362,1536570695364,1536570695385,1536570695387,1536570695409,1536570695631,1536570695631
1536570696445,1536570696450,1536570696456,1536570696498,1536570696499,1536570696522,1536570696523,1536570696546,1536570696749,1536570696749
1536570697348,1536570697356,1536570697358,1536570697405,1536570697407,1536570697426,1536570697427,1536570697465,1536570697670,1536570697670
1536570698059,1536570698064,1536570698066,1536570698118,1536570698120,1536570698141,1536570698142,1536570698165,1536570698359,1536570698359
1536570698740,1536570698744,1536570698750,1536570698804,1536570698805,1536570698822,1536570698823,1536570698844,1536570699061,1536570699062
1536570699449,1536570699457,1536570699459,1536570699506,1536570699508,1536570699528,1536570699529,1536570699548,1536570699748,1536570699748
1536570711401,1536570711409,1536570711411,1536570711474,1536570711476,1536570711491,1536570711496,1536570711521,1536570711735,1536570711735
1536570711948,1536570711957,1536570711967,1536570712023,1536570712024,1536570712067,1536570712069,1536570712089,1536570712307,1536570712307
1536570716170,1536570716175,1536570716177,1536570716226,1536570716227,1536570716246,1536570716248,1536570716270,1536570716474,1536570716474
1536570716557,1536570716561,1536570716569,1536570716622,1536570716623,1536570716643,1536570716644,1536570716666,1536570716875,1536570716876
1536570717152,1536570717160,1536570717161,1536570717204,1536570717206,1536570717227,1536570717228,1536570717251,1536570717455,1536570717456
1536570718843,1536570718847,1536570718849,1536570718923,1536570718924,1536570718939,1536570718940,1536570718966,1536570719172,1536570719173
1536570719756,1536570719760,1536570719763,1536570719817,1536570719819,1536570719836,1536570719837,1536570719858,1536570720056,1536570720056
1536570720592,1536570720596,1536570720601,1536570720651,1536570720652,1536570720674,1536570720675,1536570720694,1536570720894,1536570720894
1536570721277,1536570721285,1536570721287,1536570721340,1536570721341,1536570721362,1536570721363,1536570721389,1536570721582,1536570721582
1536570721665,1536570721669,1536570721675,1536570721723,1536570721724,1536570721737,1536570721738,1536570721760,1536570721954,1536570721954
1536570724232,1536570724236,1536570724241,1536570724297,1536570724299,1536570724314,1536570724315,1536570724337,1536570724532,1536570724532
1536570725980,1536570725984,1536570725990,1536570726045,1536570726046,1536570726080,1536570726081,1536570726159,1536570726378,1536570726378
1536570727594,1536570727602,1536570727604,1536570727725,1536570727726,1536570727748,1536570727749,1536570727773,1536570727972,1536570727972
1536570728105,1536570728113,1536570728115,1536570728158,1536570728159,1536570728174,1536570728175,1536570728210,1536570728408,1536570728409
1536570728674,1536570728681,1536570728683,1536570728732,1536570728733,1536570728757,1536570728758,1536570728786,1536570728987,1536570728988
1536570729267,1536570729272,1536570729274,1536570729331,1536570729333,1536570729347,1536570729348,1536570729365,1536570729565,1536570729566
1536570729978,1536570729985,1536570729987,1536570730116,1536570730117,1536570730149,1536570730150,1536570730174,1536570730396,1536570730396
1536570730867,1536570730871,1536570730872,1536570730918,1536570730919,1536570730939,1536570730940,1536570730962,1536570731172,1536570731172
1536570732365,1536570732372,1536570732374,1536570732429,1536570732431,1536570732453,1536570732454,1536570732482,1536570732675,1536570732675
1536570736135,1536570736139,1536570736141,1536570736189,1536570736190,1536570736210,1536570736212,1536570736236,1536570736441,1536570736442
1536570736897,1536570736902,1536570736904,1536570736985,1536570736986,1536570737007,1536570737009,1536570737033,1536570737221,1536570737221
1536570739316,1536570739323,1536570739325,1536570739399,1536570739400,1536570739419,1536570739420,1536570739481,1536570739674,1536570739675
1536570742063,1536570742072,1536570742073,1536570742240,1536570742241,1536570742260,1536570742262,1536570742282,1536570742487,1536570742488
1536570742943,1536570742951,1536570742953,1536570742999,1536570743000,1536570743015,1536570743017,1536570743042,1536570743238,1536570743238
1536570747503,1536570747506,1536570747512,1536570747562,1536570747564,1536570747583,1536570747584,1536570747603,1536570747804,1536570747804
1536570750903,1536570750907,1536570750909,1536570750963,1536570750965,1536570750979,1536570750980,1536570751009,1536570751221,1536570751221
1536570753321,1536570753329,1536570753331,1536570753380,1536570753381,1536570753401,1536570753402,1536570753424,1536570753674,1536570753675
1536570759131,1536570759135,1536570759137,1536570759185,1536570759186,1536570759210,1536570759212,1536570759232,1536570759426,1536570759426
1536570759521,1536570759529,1536570759531,1536570759584,1536570759592,1536570759610,1536570759612,1536570759633,1536570759909,1536570759909
1536570760004,1536570760012,1536570760014,1536570760068,1536570760070,1536570760083,1536570760084,1536570760104,1536570760313,1536570760314
1536570760913,1536570760921,1536570760923,1536570760974,1536570760975,1536570761000,1536570761004,1536570761032,1536570761259,1536570761259
1536570761879,1536570761884,1536570761886,1536570761958,1536570761959,1536570761989,1536570761990,1536570762050,1536570762252,1536570762252
1536570763351,1536570763360,1536570763362,1536570763404,1536570763406,1536570763430,1536570763431,1536570763468,1536570763679,1536570763679
1536570763776,1536570763786,1536570763788,1536570763844,1536570763846,1536570763873,1536570763876,1536570763910,1536570764188,1536570764188
1536570765676,1536570765681,1536570765687,1536570765745,1536570765747,1536570765769,1536570765771,1536570765794,1536570766002,1536570766002
1536570766662,1536570766670,1536570766672,1536570766716,1536570766721,1536570766744,1536570766746,1536570766765,1536570766977,1536570766977
1536570767409,1536570767413,1536570767437,1536570767492,1536570767494,1536570767512,1536570767516,1536570767571,1536570767781,1536570767782
1536570768217,1536570768225,1536570768227,1536570768299,1536570768310,1536570768363,1536570768364,1536570768390,1536570768602,1536570768602
1536570768741,1536570768745,1536570768751,1536570768800,1536570768803,1536570768819,1536570768820,1536570768845,1536570769083,1536570769083
1536570769254,1536570769259,1536570769276,1536570769331,1536570769333,1536570769350,1536570769352,1536570769376,1536570769619,1536570769619
1536570770025,1536570770035,1536570770041,1536570770089,1536570770090,1536570770110,1536570770112,1536570770134,1536570770349,1536570770350
1536570771135,1536570771142,1536570771145,1536570771192,1536570771194,1536570771212,1536570771214,1536570771256,1536570771471,1536570771472
1536570771982,1536570771992,1536570772004,1536570772058,1536570772060,1536570772120,1536570772122,1536570772168,1536570772400,1536570772401
1536570773287,1536570773298,1536570773300,1536570773408,1536570773410,1536570773436,1536570773438,1536570773489,1536570773720,1536570773720
1536570774635,1536570774643,1536570774646,1536570774718,1536570774726,1536570774745,1536570774747,1536570774778,1536570775047,1536570775047
1536570775158,1536570775162,1536570775163,1536570775217,1536570775218,1536570775238,1536570775240,1536570775262,1536570775473,1536570775473
1536570777583,1536570777587,1536570777593,1536570777640,1536570777642,1536570777670,1536570777675,1536570777706,1536570777966,1536570777967
1536570778996,1536570778999,1536570779005,1536570779073,1536570779077,1536570779137,1536570779142,1536570779172,1536570779364,1536570779365
1536570779630,1536570779638,1536570779646,1536570779712,1536570779713,1536570779736,1536570779741,1536570779768,1536570779978,1536570779978
1536570780091,1536570780100,1536570780102,1536570780171,1536570780173,1536570780198,1536570780200,1536570780228,1536570780426,1536570780426
1536570780660,1536570780668,1536570780670,1536570780714,1536570780715,1536570780730,1536570780732,1536570780753,1536570780970,1536570780971
1536570781379,1536570781387,1536570781389,1536570781433,1536570781435,1536570781457,1536570781458,1536570781477,1536570781726,1536570781727
1536570782127,1536570782136,1536570782138,1536570782254,1536570782256,1536570782274,1536570782276,1536570782308,1536570782574,1536570782575
1536570783090,1536570783094,1536570783096,1536570783144,1536570783155,1536570783192,1536570783209,1536570783250,1536570783451,1536570783452
1536570783888,1536570783892,1536570783898,1536570783950,1536570783951,1536570783968,1536570783969,1536570783997,1536570784205,1536570784206
1536570785176,1536570785180,1536570785181,1536570785246,1536570785248,1536570785272,1536570785273,1536570785296,1536570785491,1536570785492
1536570786272,1536570786280,1536570786281,1536570786322,1536570786324,1536570786341,1536570786342,1536570786363,1536570786565,1536570786565
1536570787011,1536570787016,1536570787018,1536570787147,1536570787148,1536570787168,1536570787170,1536570787192,1536570787380,1536570787380
1536570787456,1536570787460,1536570787466,1536570787510,1536570787512,1536570787535,1536570787537,1536570787560,1536570787754,1536570787754
1536570787837,1536570787845,1536570787846,1536570787897,1536570787898,1536570787939,1536570787941,1536570787964,1536570788168,1536570788168
1536570788664,1536570788668,1536570788670,1536570788715,1536570788717,1536570788735,1536570788736,1536570788760,1536570788961,1536570788962
1536570789041,1536570789049,1536570789051,1536570789105,1536570789106,1536570789119,1536570789120,1536570789147,1536570789353,1536570789353
1536570789637,1536570789641,1536570789643,1536570789691,1536570789692,1536570789713,1536570789714,1536570789735,1536570790000,1536570790000
1536570790085,1536570790090,1536570790091,1536570790137,1536570790139,1536570790156,1536570790157,1536570790180,1536570790381,1536570790381
